Start,End,W
Сокольническая_Бульвар-Рокоссовского,Центральное-Кольцо_Бульвар-Рокоссовского,1
Сокольническая_Бульвар-Рокоссовского,Сокольническая_Черкизовская,10
Сокольническая_Черкизовская,Центральное-Кольцо_Локомотив,1
Сокольническая_Черкизовская,Сокольническая_Преображенская-площадь,10
Сокольническая_Преображенская-площадь,Сокольническая_Сокольники,10
Сокольническая_Сокольники,Сокольническая_Красносельская,10
Сокольническая_Красносельская,Сокольническая_Комсомольская,10
Сокольническая_Комсомольская,Кольцевая_Комсомольская,1
Сокольническая_Комсомольская,МЦД-2_Каланчёвская,1
Сокольническая_Комсомольская,Сокольническая_Красные-ворота,10
Сокольническая_Красные-ворота,Сокольническая_Чистые-пруды,10
Сокольническая_Чистые-пруды,Люблинско-Дмитровская_Сретенский-бульвар,1
Сокольническая_Чистые-пруды,Калужско-Рижская_Тургеневская,1
Сокольническая_Чистые-пруды,Сокольническая_Лубянка,10
Сокольническая_Лубянка,Таганско-Краснопресненская_Кузнецкий-мост,1
Сокольническая_Лубянка,Сокольническая_Охотный-ряд,10
Сокольническая_Охотный-ряд,Арбатско-Покровская_Площадь-Революции,1
Сокольническая_Охотный-ряд,Замоскворецкая_Театральная,1
Сокольническая_Охотный-ряд,Сокольническая_Библиотека-имени-Ленина,10
Сокольническая_Библиотека-имени-Ленина,Серпуховско-Тимирязевская_Боровицкая,1
Сокольническая_Библиотека-имени-Ленина,Филевская_Александровский-сад,1
Сокольническая_Библиотека-имени-Ленина,Арбатско-Покровская_Арбатская,1
Сокольническая_Библиотека-имени-Ленина,Сокольническая_Кропоткинская,10
Сокольническая_Кропоткинская,Сокольническая_Парк-Культуры,10
Сокольническая_Парк-Культуры,Кольцевая_Парк-Культуры,1
Сокольническая_Парк-Культуры,Сокольническая_Фрунзенская,10
Сокольническая_Фрунзенская,Сокольническая_Спортивная,10
Сокольническая_Спортивная,Центральное-Кольцо_Лужники,1
Сокольническая_Спортивная,Сокольническая_Воробьевы-горы,10
Сокольническая_Воробьевы-горы,Сокольническая_Университет,10
Сокольническая_Университет,Сокольническая_Проспект-Вернадского,10
Сокольническая_Проспект-Вернадского,Сокольническая_Юго-Западная,10
Сокольническая_Юго-Западная,Сокольническая_Тропарёво,10
Сокольническая_Тропарёво,Сокольническая_Румянцево,10
Сокольническая_Румянцево,Сокольническая_Саларьево,10
Сокольническая_Саларьево,Сокольническая_Филатов-Луг,10
Сокольническая_Филатов-Луг,Сокольническая_Прокшино,10
Сокольническая_Прокшино,Сокольническая_Ольховая,10
Сокольническая_Ольховая,Сокольническая_Коммунарка,10
Замоскворецкая_Ховрино,Замоскворецкая_Беломорская,10
Замоскворецкая_Беломорская,Замоскворецкая_Речной-вокзал,10
Замоскворецкая_Речной-вокзал,Замоскворецкая_Водный-стадион,10
Замоскворецкая_Водный-стадион,Замоскворецкая_Войковская,10
Замоскворецкая_Войковская,Центральное-Кольцо_Балтийская,1
Замоскворецкая_Войковская,МЦД-2_Стрешнево,1
Замоскворецкая_Войковская,Замоскворецкая_Сокол,10
Замоскворецкая_Сокол,Замоскворецкая_Аэропорт,10
Замоскворецкая_Аэропорт,Замоскворецкая_Динамо,10
Замоскворецкая_Динамо,Большая-Кольцевая-Линия_Петровский-парк,1
Замоскворецкая_Динамо,Замоскворецкая_Белорусская,10
Замоскворецкая_Белорусская,Кольцевая_Белорусская,1
Замоскворецкая_Белорусская,МЦД-1_Белорусская,1
Замоскворецкая_Белорусская,Замоскворецкая_Маяковская,10
Замоскворецкая_Маяковская,Замоскворецкая_Тверская,10
Замоскворецкая_Тверская,Серпуховско-Тимирязевская_Чеховская,1
Замоскворецкая_Тверская,Таганско-Краснопресненская_Пушкинская,1
Замоскворецкая_Тверская,Замоскворецкая_Театральная,10
Замоскворецкая_Театральная,Арбатско-Покровская_Площадь-Революции,1
Замоскворецкая_Театральная,Сокольническая_Охотный-ряд,1
Замоскворецкая_Театральная,Замоскворецкая_Новокузнецкая,10
Замоскворецкая_Новокузнецкая,Калининско-Солнцевская_Третьяковская,1
Замоскворецкая_Новокузнецкая,Калужско-Рижская_Третьяковская,1
Замоскворецкая_Новокузнецкая,Замоскворецкая_Павелецкая,10
Замоскворецкая_Павелецкая,Кольцевая_Павелецкая,1
Замоскворецкая_Павелецкая,Замоскворецкая_Автозаводская,10
Замоскворецкая_Автозаводская,Центральное-Кольцо_Автозаводская,1
Замоскворецкая_Автозаводская,Замоскворецкая_Технопарк,10
Замоскворецкая_Технопарк,Замоскворецкая_Коломенская,10
Замоскворецкая_Коломенская,Замоскворецкая_Каширская,10
Замоскворецкая_Каширская,Каховская_Каширская,1
Замоскворецкая_Каширская,Замоскворецкая_Кантемировская,10
Замоскворецкая_Кантемировская,Замоскворецкая_Царицыно,10
Замоскворецкая_Царицыно,МЦД-2_Царицыно,1
Замоскворецкая_Царицыно,Замоскворецкая_Орехово,10
Замоскворецкая_Орехово,Замоскворецкая_Домодедовская,10
Замоскворецкая_Домодедовская,Замоскворецкая_Красногвардейская,10
Замоскворецкая_Красногвардейская,Люблинско-Дмитровская_Зябликово,1
Замоскворецкая_Красногвардейская,Замоскворецкая_Алма-Атинская,10
Арбатско-Покровская_Пятницкое-шоссе,Арбатско-Покровская_Митино,10
Арбатско-Покровская_Митино,Арбатско-Покровская_Волоколамская,10
Арбатско-Покровская_Волоколамская,МЦД-2_Волоколамская,1
Арбатско-Покровская_Волоколамская,Арбатско-Покровская_Мякинино,10
Арбатско-Покровская_Мякинино,Арбатско-Покровская_Строгино,10
Арбатско-Покровская_Строгино,Арбатско-Покровская_Крылатское,10
Арбатско-Покровская_Крылатское,Арбатско-Покровская_Молодежная,10
Арбатско-Покровская_Молодежная,Арбатско-Покровская_Кунцевская,10
Арбатско-Покровская_Кунцевская,Филевская_Кунцевская,1
Арбатско-Покровская_Кунцевская,МЦД-1_Кунцево,1
Арбатско-Покровская_Кунцевская,Арбатско-Покровская_Славянский-бульвар,10
Арбатско-Покровская_Славянский-бульвар,МЦД-1_Славянский-бульвар,1
Арбатско-Покровская_Славянский-бульвар,Арбатско-Покровская_Парк-Победы,10
Арбатско-Покровская_Парк-Победы,Калининско-Солнцевская_Парк-Победы,1
Арбатско-Покровская_Парк-Победы,Арбатско-Покровская_Киевская,10
Арбатско-Покровская_Киевская,Кольцевая_Киевская,1
Арбатско-Покровская_Киевская,Филевская_Киевская,1
Арбатско-Покровская_Киевская,Арбатско-Покровская_Смоленская,10
Арбатско-Покровская_Смоленская,Арбатско-Покровская_Арбатская,10
Арбатско-Покровская_Арбатская,Серпуховско-Тимирязевская_Боровицкая,1
Арбатско-Покровская_Арбатская,Филевская_Александровский-сад,1
Арбатско-Покровская_Арбатская,Сокольническая_Библиотека-имени-Ленина,1
Арбатско-Покровская_Арбатская,Арбатско-Покровская_Площадь-Революции,10
Арбатско-Покровская_Площадь-Революции,Замоскворецкая_Театральная,1
Арбатско-Покровская_Площадь-Революции,Сокольническая_Охотный-ряд,1
Арбатско-Покровская_Площадь-Революции,Арбатско-Покровская_Курская,10
Арбатско-Покровская_Курская,Люблинско-Дмитровская_Чкаловская,1
Арбатско-Покровская_Курская,Кольцевая_Курская,1
Арбатско-Покровская_Курская,МЦД-2_Курская,1
Арбатско-Покровская_Курская,Арбатско-Покровская_Бауманская,10
Арбатско-Покровская_Бауманская,Арбатско-Покровская_Электрозаводская,10
Арбатско-Покровская_Электрозаводская,Некрасовская_Электрозаводская,1
Арбатско-Покровская_Электрозаводская,Арбатско-Покровская_Семеновская,10
Арбатско-Покровская_Семеновская,Арбатско-Покровская_Партизанская,10
Арбатско-Покровская_Партизанская,Центральное-Кольцо_Измайлово,1
Арбатско-Покровская_Партизанская,Арбатско-Покровская_Измайловская,10
Арбатско-Покровская_Измайловская,Арбатско-Покровская_Первомайская,10
Арбатско-Покровская_Первомайская,Арбатско-Покровская_Щелковская,10
Филевская_Александровский-сад,Серпуховско-Тимирязевская_Боровицкая,1
Филевская_Александровский-сад,Арбатско-Покровская_Арбатская,1
Филевская_Александровский-сад,Сокольническая_Библиотека-имени-Ленина,1
Филевская_Александровский-сад,Филевская_Арбатская,10
Филевская_Арбатская,Филевская_Смоленская,10
Филевская_Смоленская,Филевская_Киевская,10
Филевская_Киевская,Кольцевая_Киевская,1
Филевская_Киевская,Арбатско-Покровская_Киевская,1
Филевская_Киевская,Филевская_Студенческая,10
Филевская_Студенческая,Филевская_Кутузовская,10
Филевская_Кутузовская,Центральное-Кольцо_Кутузовская,1
Филевская_Кутузовская,Филевская_Фили,10
Филевская_Фили,МЦД-1_Фили,1
Филевская_Фили,Филевская_Багратионовская,10
Филевская_Багратионовская,Филевская_Филевский-парк,10
Филевская_Филевский-парк,Филевская_Пионерская,10
Филевская_Пионерская,Филевская_Кунцевская,10
Филевская_Кунцевская,Арбатско-Покровская_Кунцевская,1
Филевская_Кунцевская,МЦД-1_Кунцево,1
Филевская_Кунцевская,Филевская_Выставочная,10
Филевская_Выставочная,Большая-Кольцевая-Линия_Деловой-центр,1
Филевская_Выставочная,Калининско-Солнцевская_Деловой-центр,1
Филевская_Выставочная,МЦД-1_Тестовская,1
Филевская_Выставочная,Филевская_Международная,10
Филевская_Международная,Центральное-Кольцо_Деловой-центр,1
Филевская_Международная,МЦД-1_Тестовская,1
Кольцевая_Киевская,Филевская_Киевская,10
Кольцевая_Киевская,Арбатско-Покровская_Киевская,1
Кольцевая_Киевская,Кольцевая_Парк-Культуры,1
Кольцевая_Парк-Культуры,Сокольническая_Парк-Культуры,10
Кольцевая_Парк-Культуры,Кольцевая_Октябрьская,1
Кольцевая_Октябрьская,Калужско-Рижская_Октябрьская,10
Кольцевая_Октябрьская,Кольцевая_Добрынинская,1
Кольцевая_Добрынинская,Серпуховско-Тимирязевская_Серпуховская,10
Кольцевая_Добрынинская,Кольцевая_Павелецкая,1
Кольцевая_Павелецкая,Замоскворецкая_Павелецкая,10
Кольцевая_Павелецкая,Кольцевая_Таганская,1
Кольцевая_Таганская,Калининско-Солнцевская_Марксистская,10
Кольцевая_Таганская,Таганско-Краснопресненская_Таганская,1
Кольцевая_Таганская,Кольцевая_Курская,1
Кольцевая_Курская,Люблинско-Дмитровская_Чкаловская,10
Кольцевая_Курская,Арбатско-Покровская_Курская,1
Кольцевая_Курская,МЦД-2_Курская,1
Кольцевая_Курская,Кольцевая_Комсомольская,1
Кольцевая_Комсомольская,Сокольническая_Комсомольская,10
Кольцевая_Комсомольская,МЦД-2_Каланчёвская,1
Кольцевая_Комсомольская,Кольцевая_Проспект-Мира,1
Кольцевая_Проспект-Мира,Калужско-Рижская_Проспект-Мира,10
Кольцевая_Проспект-Мира,Кольцевая_Новослободская,1
Кольцевая_Новослободская,Серпуховско-Тимирязевская_Менделеевская,10
Кольцевая_Новослободская,Кольцевая_Белорусская,1
Кольцевая_Белорусская,Замоскворецкая_Белорусская,10
Кольцевая_Белорусская,МЦД-1_Белорусская,1
Кольцевая_Белорусская,Кольцевая_Краснопресненская,1
Кольцевая_Краснопресненская,Таганско-Краснопресненская_Баррикадная,10
Кольцевая_Киевская,Кольцевая_Краснопресненская,1
Калужско-Рижская_Новоясеневская,Бутовская_Битцевский-парк,1
Калужско-Рижская_Новоясеневская,Калужско-Рижская_Ясенево,10
Калужско-Рижская_Ясенево,Калужско-Рижская_Теплый-стан,10
Калужско-Рижская_Теплый-стан,Калужско-Рижская_Коньково,10
Калужско-Рижская_Коньково,Калужско-Рижская_Беляево,10
Калужско-Рижская_Беляево,Калужско-Рижская_Калужская,10
Калужско-Рижская_Калужская,Калужско-Рижская_Новые-Черёмушки,10
Калужско-Рижская_Новые-Черёмушки,Калужско-Рижская_Профсоюзная,10
Калужско-Рижская_Профсоюзная,Калужско-Рижская_Академическая,10
Калужско-Рижская_Академическая,Калужско-Рижская_Ленинский-проспект,10
Калужско-Рижская_Ленинский-проспект,Центральное-Кольцо_Площадь-Гагарина,1
Калужско-Рижская_Ленинский-проспект,Калужско-Рижская_Шаболовская,10
Калужско-Рижская_Шаболовская,Калужско-Рижская_Октябрьская,10
Калужско-Рижская_Октябрьская,Кольцевая_Октябрьская,1
Калужско-Рижская_Октябрьская,Калужско-Рижская_Третьяковская,10
Калужско-Рижская_Третьяковская,Калининско-Солнцевская_Третьяковская,1
Калужско-Рижская_Третьяковская,Замоскворецкая_Новокузнецкая,1
Калужско-Рижская_Третьяковская,Калужско-Рижская_Китай-город,10
Калужско-Рижская_Китай-город,Таганско-Краснопресненская_Китай-город,1
Калужско-Рижская_Китай-город,Калужско-Рижская_Тургеневская,10
Калужско-Рижская_Тургеневская,Люблинско-Дмитровская_Сретенский-бульвар,1
Калужско-Рижская_Тургеневская,Сокольническая_Чистые-пруды,1
Калужско-Рижская_Тургеневская,Калужско-Рижская_Сухаревская,10
Калужско-Рижская_Сухаревская,Калужско-Рижская_Проспект-Мира,10
Калужско-Рижская_Проспект-Мира,Кольцевая_Проспект-Мира,1
Калужско-Рижская_Проспект-Мира,Калужско-Рижская_Рижская,10
Калужско-Рижская_Рижская,Калужско-Рижская_Алексеевская,10
Калужско-Рижская_Алексеевская,Калужско-Рижская_ВДНХ,10
Калужско-Рижская_ВДНХ,Калужско-Рижская_Ботанический-сад,10
Калужско-Рижская_Ботанический-сад,Центральное-Кольцо_Ботанический-Сад,1
Калужско-Рижская_Ботанический-сад,Калужско-Рижская_Свиблово,10
Калужско-Рижская_Свиблово,Калужско-Рижская_Бабушкинская,10
Калужско-Рижская_Бабушкинская,Калужско-Рижская_Медведково,10
Таганско-Краснопресненская_Котельники,Таганско-Краснопресненская_Жулебино,10
Таганско-Краснопресненская_Жулебино,Таганско-Краснопресненская_Лермонтовский-проспект,10
Таганско-Краснопресненская_Лермонтовский-проспект,Некрасовская_Косино,1
Таганско-Краснопресненская_Лермонтовский-проспект,Таганско-Краснопресненская_Выхино,10
Таганско-Краснопресненская_Выхино,Таганско-Краснопресненская_Рязанский-проспект,10
Таганско-Краснопресненская_Рязанский-проспект,Таганско-Краснопресненская_Кузьминки,10
Таганско-Краснопресненская_Кузьминки,Таганско-Краснопресненская_Текстильщики,10
Таганско-Краснопресненская_Текстильщики,МЦД-2_Текстильщики,1
Таганско-Краснопресненская_Текстильщики,Таганско-Краснопресненская_Волгоградский-проспект,10
Таганско-Краснопресненская_Волгоградский-проспект,Центральное-Кольцо_Угрешская,1
Таганско-Краснопресненская_Волгоградский-проспект,Таганско-Краснопресненская_Пролетарская,10
Таганско-Краснопресненская_Пролетарская,Люблинско-Дмитровская_Крестьянская-застава,1
Таганско-Краснопресненская_Пролетарская,Таганско-Краснопресненская_Таганская,10
Таганско-Краснопресненская_Таганская,Калининско-Солнцевская_Марксистская,1
Таганско-Краснопресненская_Таганская,Кольцевая_Таганская,1
Таганско-Краснопресненская_Таганская,Таганско-Краснопресненская_Китай-город,10
Таганско-Краснопресненская_Китай-город,Калужско-Рижская_Китай-город,1
Таганско-Краснопресненская_Китай-город,Таганско-Краснопресненская_Кузнецкий-мост,10
Таганско-Краснопресненская_Кузнецкий-мост,Сокольническая_Лубянка,1
Таганско-Краснопресненская_Кузнецкий-мост,Таганско-Краснопресненская_Пушкинская,10
Таганско-Краснопресненская_Пушкинская,Серпуховско-Тимирязевская_Чеховская,1
Таганско-Краснопресненская_Пушкинская,Замоскворецкая_Тверская,1
Таганско-Краснопресненская_Пушкинская,Таганско-Краснопресненская_Баррикадная,10
Таганско-Краснопресненская_Баррикадная,Кольцевая_Краснопресненская,1
Таганско-Краснопресненская_Баррикадная,Таганско-Краснопресненская_Улица-1905-года,10
Таганско-Краснопресненская_Улица-1905-года,Таганско-Краснопресненская_Беговая,10
Таганско-Краснопресненская_Беговая,МЦД-1_Беговая,1
Таганско-Краснопресненская_Беговая,Таганско-Краснопресненская_Полежаевская,10
Таганско-Краснопресненская_Полежаевская,Центральное-Кольцо_Хорошёво,1
Таганско-Краснопресненская_Полежаевская,Большая-Кольцевая-Линия_Хорошёвская,1
Таганско-Краснопресненская_Полежаевская,Таганско-Краснопресненская_Октябрьское-Поле,10
Таганско-Краснопресненская_Октябрьское-Поле,Центральное-Кольцо_Зорге,1
Таганско-Краснопресненская_Октябрьское-Поле,Центральное-Кольцо_Панфиловская,1
Таганско-Краснопресненская_Октябрьское-Поле,Таганско-Краснопресненская_Щукинская,10
Таганско-Краснопресненская_Щукинская,Таганско-Краснопресненская_Спартак,10
Таганско-Краснопресненская_Спартак,Таганско-Краснопресненская_Тушинская,10
Таганско-Краснопресненская_Тушинская,МЦД-2_Тушино,1
Таганско-Краснопресненская_Тушинская,Таганско-Краснопресненская_Сходненская,10
Таганско-Краснопресненская_Сходненская,Таганско-Краснопресненская_Планерная,10
Калининско-Солнцевская_Новокосино,Калининско-Солнцевская_Новогиреево,10
Калининско-Солнцевская_Новогиреево,Калининско-Солнцевская_Перово,10
Калининско-Солнцевская_Перово,Калининско-Солнцевская_Шоссе-Энтузиастов,10
Калининско-Солнцевская_Шоссе-Энтузиастов,Центральное-Кольцо_Шоссе-Энтузиастов,1
Калининско-Солнцевская_Шоссе-Энтузиастов,Калининско-Солнцевская_Авиамоторная,10
Калининско-Солнцевская_Авиамоторная,Некрасовская_Авиамоторная,1
Калининско-Солнцевская_Авиамоторная,Калининско-Солнцевская_Площадь-Ильича,10
Калининско-Солнцевская_Площадь-Ильича,Люблинско-Дмитровская_Римская,1
Калининско-Солнцевская_Площадь-Ильича,МЦД-2_Москва-Товарная,1
Калининско-Солнцевская_Площадь-Ильича,Калининско-Солнцевская_Марксистская,10
Калининско-Солнцевская_Марксистская,Таганско-Краснопресненская_Таганская,1
Калининско-Солнцевская_Марксистская,Кольцевая_Таганская,1
Калининско-Солнцевская_Марксистская,Калининско-Солнцевская_Третьяковская,10
Калининско-Солнцевская_Третьяковская,Калужско-Рижская_Третьяковская,1
Калининско-Солнцевская_Третьяковская,Замоскворецкая_Новокузнецкая,1
Калининско-Солнцевская_Третьяковская,Калининско-Солнцевская_Деловой-центр,10
Калининско-Солнцевская_Деловой-центр,Большая-Кольцевая-Линия_Деловой-центр,1
Калининско-Солнцевская_Деловой-центр,Филевская_Выставочная,1
Калининско-Солнцевская_Деловой-центр,Калининско-Солнцевская_Парк-Победы,10
Калининско-Солнцевская_Парк-Победы,Арбатско-Покровская_Парк-Победы,1
Калининско-Солнцевская_Парк-Победы,Калининско-Солнцевская_Минская,10
Калининско-Солнцевская_Минская,Калининско-Солнцевская_Ломоносовский-проспект,10
Калининско-Солнцевская_Ломоносовский-проспект,Калининско-Солнцевская_Раменки,10
Калининско-Солнцевская_Раменки,Калининско-Солнцевская_Мичуринский-проспект,10
Калининско-Солнцевская_Мичуринский-проспект,Калининско-Солнцевская_Озёрная,10
Калининско-Солнцевская_Озёрная,Калининско-Солнцевская_Говорово,10
Калининско-Солнцевская_Говорово,Калининско-Солнцевская_Солнцево,10
Калининско-Солнцевская_Солнцево,Калининско-Солнцевская_Боровское-шоссе,10
Калининско-Солнцевская_Боровское-шоссе,Калининско-Солнцевская_Новопеределкино,10
Калининско-Солнцевская_Новопеределкино,Калининско-Солнцевская_Рассказовка,10
Серпуховско-Тимирязевская_Бульвар-Дмитрия-Донского,Бутовская_Улица-Старокачаловская,1
Серпуховско-Тимирязевская_Бульвар-Дмитрия-Донского,Серпуховско-Тимирязевская_Аннино,10
Серпуховско-Тимирязевская_Аннино,Серпуховско-Тимирязевская_Улица-академика-Янгеля,10
Серпуховско-Тимирязевская_Улица-академика-Янгеля,Серпуховско-Тимирязевская_Пражская,10
Серпуховско-Тимирязевская_Пражская,Серпуховско-Тимирязевская_Южная,10
Серпуховско-Тимирязевская_Южная,Серпуховско-Тимирязевская_Чертановская,10
Серпуховско-Тимирязевская_Чертановская,Серпуховско-Тимирязевская_Севастопольская,10
Серпуховско-Тимирязевская_Севастопольская,Серпуховско-Тимирязевская_Нахимовский-Проспект,10
Серпуховско-Тимирязевская_Нахимовский-Проспект,Серпуховско-Тимирязевская_Нагорная,10
Серпуховско-Тимирязевская_Нагорная,Серпуховско-Тимирязевская_Нагатинская,10
Серпуховско-Тимирязевская_Нагатинская,Серпуховско-Тимирязевская_Тульская,10
Серпуховско-Тимирязевская_Тульская,Серпуховско-Тимирязевская_Серпуховская,10
Серпуховско-Тимирязевская_Серпуховская,Кольцевая_Добрынинская,1
Серпуховско-Тимирязевская_Серпуховская,Серпуховско-Тимирязевская_Полянка,10
Серпуховско-Тимирязевская_Полянка,Серпуховско-Тимирязевская_Боровицкая,10
Серпуховско-Тимирязевская_Боровицкая,Филевская_Александровский-сад,1
Серпуховско-Тимирязевская_Боровицкая,Арбатско-Покровская_Арбатская,1
Серпуховско-Тимирязевская_Боровицкая,Сокольническая_Библиотека-имени-Ленина,1
Серпуховско-Тимирязевская_Боровицкая,Серпуховско-Тимирязевская_Чеховская,10
Серпуховско-Тимирязевская_Чеховская,Таганско-Краснопресненская_Пушкинская,1
Серпуховско-Тимирязевская_Чеховская,Замоскворецкая_Тверская,1
Серпуховско-Тимирязевская_Чеховская,Серпуховско-Тимирязевская_Цветной-бульвар,10
Серпуховско-Тимирязевская_Цветной-бульвар,Люблинско-Дмитровская_Трубная,1
Серпуховско-Тимирязевская_Цветной-бульвар,Серпуховско-Тимирязевская_Менделеевская,10
Серпуховско-Тимирязевская_Менделеевская,Кольцевая_Новослободская,1
Серпуховско-Тимирязевская_Менделеевская,Серпуховско-Тимирязевская_Савеловская,10
Серпуховско-Тимирязевская_Савеловская,Большая-Кольцевая-Линия_Савёловская,1
Серпуховско-Тимирязевская_Савеловская,МЦД-1_Савёловская,1
Серпуховско-Тимирязевская_Савеловская,Серпуховско-Тимирязевская_Дмитровская,10
Серпуховско-Тимирязевская_Дмитровская,МЦД-2_Дмитровская,1
Серпуховско-Тимирязевская_Дмитровская,Серпуховско-Тимирязевская_Тимирязевская,10
Серпуховско-Тимирязевская_Тимирязевская,МЦД-1_Тимирязевская,1
Серпуховско-Тимирязевская_Тимирязевская,Серпуховско-Тимирязевская_Петровско-Разумовская,10
Серпуховско-Тимирязевская_Петровско-Разумовская,Люблинско-Дмитровская_Петровско-Разумовская,1
Серпуховско-Тимирязевская_Петровско-Разумовская,Серпуховско-Тимирязевская_Владыкино,10
Серпуховско-Тимирязевская_Владыкино,Центральное-Кольцо_Владыкино,1
Серпуховско-Тимирязевская_Владыкино,Серпуховско-Тимирязевская_Отрадное,10
Серпуховско-Тимирязевская_Отрадное,Серпуховско-Тимирязевская_Бибирево,10
Серпуховско-Тимирязевская_Бибирево,Серпуховско-Тимирязевская_Алтуфьево,10
Люблинско-Дмитровская_Зябликово,Замоскворецкая_Красногвардейская,1
Люблинско-Дмитровская_Зябликово,Люблинско-Дмитровская_Шипиловская,10
Люблинско-Дмитровская_Шипиловская,Люблинско-Дмитровская_Борисово,10
Люблинско-Дмитровская_Борисово,Люблинско-Дмитровская_Марьино,10
Люблинско-Дмитровская_Марьино,Люблинско-Дмитровская_Братиславская,10
Люблинско-Дмитровская_Братиславская,Люблинско-Дмитровская_Люблино,10
Люблинско-Дмитровская_Люблино,Люблинско-Дмитровская_Волжская,10
Люблинско-Дмитровская_Волжская,Люблинско-Дмитровская_Печатники,10
Люблинско-Дмитровская_Печатники,МЦД-2_Кубанская,1
Люблинско-Дмитровская_Печатники,Люблинско-Дмитровская_Кожуховская,10
Люблинско-Дмитровская_Кожуховская,Люблинско-Дмитровская_Дубровка,10
Люблинско-Дмитровская_Дубровка,Центральное-Кольцо_Дубровка,1
Люблинско-Дмитровская_Дубровка,Люблинско-Дмитровская_Крестьянская-застава,10
Люблинско-Дмитровская_Крестьянская-застава,Таганско-Краснопресненская_Пролетарская,1
Люблинско-Дмитровская_Крестьянская-застава,Люблинско-Дмитровская_Римская,10
Люблинско-Дмитровская_Римская,Калининско-Солнцевская_Площадь-Ильича,1
Люблинско-Дмитровская_Римская,МЦД-2_Москва-Товарная,1
Люблинско-Дмитровская_Римская,Люблинско-Дмитровская_Чкаловская,10
Люблинско-Дмитровская_Чкаловская,Кольцевая_Курская,1
Люблинско-Дмитровская_Чкаловская,Арбатско-Покровская_Курская,1
Люблинско-Дмитровская_Чкаловская,МЦД-2_Курская,1
Люблинско-Дмитровская_Чкаловская,Люблинско-Дмитровская_Сретенский-бульвар,10
Люблинско-Дмитровская_Сретенский-бульвар,Калужско-Рижская_Тургеневская,1
Люблинско-Дмитровская_Сретенский-бульвар,Сокольническая_Чистые-пруды,1
Люблинско-Дмитровская_Сретенский-бульвар,Люблинско-Дмитровская_Трубная,10
Люблинско-Дмитровская_Трубная,Серпуховско-Тимирязевская_Цветной-бульвар,1
Люблинско-Дмитровская_Трубная,Люблинско-Дмитровская_Достоевская,10
Люблинско-Дмитровская_Достоевская,Люблинско-Дмитровская_Марьина-роща,10
Люблинско-Дмитровская_Марьина-роща,Люблинско-Дмитровская_Бутырская,10
Люблинско-Дмитровская_Бутырская,Люблинско-Дмитровская_Фонвизинская,10
Люблинско-Дмитровская_Фонвизинская,Люблинско-Дмитровская_Петровско-Разумовская,10
Люблинско-Дмитровская_Петровско-Разумовская,Серпуховско-Тимирязевская_Петровско-Разумовская,1
Люблинско-Дмитровская_Петровско-Разумовская,Люблинско-Дмитровская_Окружная,10
Люблинско-Дмитровская_Окружная,Центральное-Кольцо_Окружная,1
Люблинско-Дмитровская_Окружная,МЦД-1_Окружная,1
Люблинско-Дмитровская_Окружная,Люблинско-Дмитровская_Верхние-Лихоборы,10
Люблинско-Дмитровская_Верхние-Лихоборы,Люблинско-Дмитровская_Селигерская,10
Большая-Кольцевая-Линия_Савёловская,Серпуховско-Тимирязевская_Савеловская,1
Большая-Кольцевая-Линия_Савёловская,МЦД-1_Савёловская,1
Большая-Кольцевая-Линия_Савёловская,Большая-Кольцевая-Линия_Петровский-парк,10
Большая-Кольцевая-Линия_Петровский-парк,Замоскворецкая_Динамо,1
Большая-Кольцевая-Линия_Петровский-парк,Большая-Кольцевая-Линия_ЦСКА,10
Большая-Кольцевая-Линия_ЦСКА,Большая-Кольцевая-Линия_Хорошёвская,10
Большая-Кольцевая-Линия_Хорошёвская,Центральное-Кольцо_Хорошёво,1
Большая-Кольцевая-Линия_Хорошёвская,Таганско-Краснопресненская_Полежаевская,1
Большая-Кольцевая-Линия_Хорошёвская,Большая-Кольцевая-Линия_Шелепиха,10
Большая-Кольцевая-Линия_Шелепиха,Центральное-Кольцо_Шелепиха,1
Большая-Кольцевая-Линия_Шелепиха,МЦД-1_Тестовская,1
Большая-Кольцевая-Линия_Шелепиха,Большая-Кольцевая-Линия_Деловой-центр,10
Большая-Кольцевая-Линия_Деловой-центр,Калининско-Солнцевская_Деловой-центр,1
Большая-Кольцевая-Линия_Деловой-центр,Филевская_Выставочная,1
Большая-Кольцевая-Линия_Деловой-центр,МЦД-1_Тестовская,1
Большая-Кольцевая-Линия_Деловой-центр,Большая-Кольцевая-Линия_Народное-Ополчение,10
Большая-Кольцевая-Линия_Народное-Ополчение,Большая-Кольцевая-Линия_Мнёвники,10
Каховская_Каховская,Каховская_Варшавская,10
Каховская_Варшавская,Каховская_Каширская,10
Каховская_Каширская,Замоскворецкая_Каширская,1
Бутовская_Битцевский-парк,Калужско-Рижская_Новоясеневская,1
Бутовская_Битцевский-парк,Бутовская_Лесопарковая,10
Бутовская_Лесопарковая,Бутовская_Улица-Старокачаловская,10
Бутовская_Улица-Старокачаловская,Серпуховско-Тимирязевская_Бульвар-Дмитрия-Донского,1
Бутовская_Улица-Старокачаловская,Бутовская_Улица-Скобелевская,10
Бутовская_Улица-Скобелевская,Бутовская_Бульвар-адмирала-Ушакова,10
Бутовская_Бульвар-адмирала-Ушакова,Бутовская_Улица-Горчакова,10
Бутовская_Улица-Горчакова,Бутовская_Бунинская-Аллея,10
Центральное-Кольцо_Окружная,Люблинско-Дмитровская_Окружная,10
Центральное-Кольцо_Окружная,МЦД-1_Окружная,1
Центральное-Кольцо_Окружная,Центральное-Кольцо_Владыкино,1
Центральное-Кольцо_Владыкино,Серпуховско-Тимирязевская_Владыкино,10
Центральное-Кольцо_Владыкино,Центральное-Кольцо_Ботанический-Сад,1
Центральное-Кольцо_Ботанический-Сад,Калужско-Рижская_Ботанический-сад,10
Центральное-Кольцо_Ботанический-Сад,Центральное-Кольцо_Ростокино,1
Центральное-Кольцо_Ростокино,Центральное-Кольцо_Белокаменная,10
Центральное-Кольцо_Белокаменная,Центральное-Кольцо_Бульвар-Рокоссовского,10
Центральное-Кольцо_Бульвар-Рокоссовского,Сокольническая_Бульвар-Рокоссовского,10
Центральное-Кольцо_Бульвар-Рокоссовского,Центральное-Кольцо_Локомотив,1
Центральное-Кольцо_Локомотив,Сокольническая_Черкизовская,10
Центральное-Кольцо_Локомотив,Центральное-Кольцо_Измайлово,1
Центральное-Кольцо_Измайлово,Арбатско-Покровская_Партизанская,10
Центральное-Кольцо_Измайлово,Центральное-Кольцо_Соколиная-Гора,1
Центральное-Кольцо_Соколиная-Гора,Центральное-Кольцо_Шоссе-Энтузиастов,10
Центральное-Кольцо_Шоссе-Энтузиастов,Калининско-Солнцевская_Шоссе-Энтузиастов,10
Центральное-Кольцо_Шоссе-Энтузиастов,Центральное-Кольцо_Андроновка,1
Центральное-Кольцо_Андроновка,Центральное-Кольцо_Нижегородская,10
Центральное-Кольцо_Нижегородская,Некрасовская_Нижегородская,10
Центральное-Кольцо_Нижегородская,Центральное-Кольцо_Новохохловская,1
Центральное-Кольцо_Новохохловская,МЦД-2_Новохохловская,10
Центральное-Кольцо_Новохохловская,Центральное-Кольцо_Угрешская,1
Центральное-Кольцо_Угрешская,Таганско-Краснопресненская_Волгоградский-проспект,10
Центральное-Кольцо_Угрешская,Центральное-Кольцо_Дубровка,1
Центральное-Кольцо_Дубровка,Люблинско-Дмитровская_Кожуховская,10
Центральное-Кольцо_Дубровка,Люблинско-Дмитровская_Дубровка,1
Центральное-Кольцо_Дубровка,Центральное-Кольцо_Автозаводская,1
Центральное-Кольцо_Автозаводская,Замоскворецкая_Автозаводская,10
Центральное-Кольцо_Автозаводская,Центральное-Кольцо_ЗИЛ,1
Центральное-Кольцо_ЗИЛ,Центральное-Кольцо_Верхние-Котлы,10
Центральное-Кольцо_Верхние-Котлы,Центральное-Кольцо_Крымская,10
Центральное-Кольцо_Крымская,Центральное-Кольцо_Площадь-Гагарина,10
Центральное-Кольцо_Площадь-Гагарина,Калужско-Рижская_Ленинский-проспект,10
Центральное-Кольцо_Площадь-Гагарина,Центральное-Кольцо_Лужники,1
Центральное-Кольцо_Лужники,Сокольническая_Спортивная,10
Центральное-Кольцо_Лужники,Центральное-Кольцо_Кутузовская,1
Центральное-Кольцо_Кутузовская,Филевская_Кутузовская,10
Центральное-Кольцо_Кутузовская,Центральное-Кольцо_Деловой-центр,1
Центральное-Кольцо_Деловой-центр,Филевская_Международная,10
Центральное-Кольцо_Деловой-центр,МЦД-1_Тестовская,1
Центральное-Кольцо_Деловой-центр,Центральное-Кольцо_Шелепиха,1
Центральное-Кольцо_Шелепиха,Большая-Кольцевая-Линия_Шелепиха,10
Центральное-Кольцо_Шелепиха,МЦД-1_Тестовская,1
Центральное-Кольцо_Шелепиха,Центральное-Кольцо_Хорошёво,1
Центральное-Кольцо_Хорошёво,Большая-Кольцевая-Линия_Хорошёвская,10
Центральное-Кольцо_Хорошёво,Таганско-Краснопресненская_Полежаевская,1
Центральное-Кольцо_Хорошёво,Центральное-Кольцо_Зорге,1
Центральное-Кольцо_Зорге,Таганско-Краснопресненская_Октябрьское-Поле,10
Центральное-Кольцо_Зорге,Центральное-Кольцо_Панфиловская,1
Центральное-Кольцо_Панфиловская,Таганско-Краснопресненская_Октябрьское-Поле,10
Центральное-Кольцо_Панфиловская,Центральное-Кольцо_Стрешнево,1
Центральное-Кольцо_Стрешнево,МЦД-2_Стрешнево,10
Центральное-Кольцо_Стрешнево,Центральное-Кольцо_Балтийская,1
Центральное-Кольцо_Балтийская,Замоскворецкая_Войковская,10
Центральное-Кольцо_Балтийская,Центральное-Кольцо_Коптево,1
Центральное-Кольцо_Коптево,Центральное-Кольцо_Лихоборы,10
Центральное-Кольцо_Окружная,Центральное-Кольцо_Лихоборы,10
Некрасовская_Электрозаводская,Арбатско-Покровская_Электрозаводская,1
Некрасовская_Электрозаводская,Некрасовская_Лефортово,10
Некрасовская_Лефортово,Некрасовская_Авиамоторная,10
Некрасовская_Авиамоторная,Калининско-Солнцевская_Авиамоторная,1
Некрасовская_Авиамоторная,Некрасовская_Нижегородская,10
Некрасовская_Нижегородская,Центральное-Кольцо_Нижегородская,1
Некрасовская_Нижегородская,Некрасовская_Стахановская,10
Некрасовская_Стахановская,Некрасовская_Окская,10
Некрасовская_Окская,Некрасовская_Юго-Восточная,10
Некрасовская_Юго-Восточная,Некрасовская_Косино,10
Некрасовская_Косино,Таганско-Краснопресненская_Лермонтовский-проспект,1
Некрасовская_Косино,Некрасовская_Улица-Дмитриевского,10
Некрасовская_Улица-Дмитриевского,Некрасовская_Лухмановская,10
Некрасовская_Лухмановская,Некрасовская_Некрасовка,10
МЦД-1_Одинцово,МЦД-1_Баковка,10
МЦД-1_Баковка,МЦД-1_Сколково,10
МЦД-1_Сколково,МЦД-1_Немчиновка,10
МЦД-1_Немчиновка,МЦД-1_Сетунь,10
МЦД-1_Сетунь,МЦД-1_Рабочий-Посёлок,10
МЦД-1_Рабочий-Посёлок,МЦД-1_Кунцево,10
МЦД-1_Кунцево,Филевская_Кунцевская,1
МЦД-1_Кунцево,Арбатско-Покровская_Кунцевская,1
МЦД-1_Кунцево,МЦД-1_Славянский-бульвар,10
МЦД-1_Славянский-бульвар,Арбатско-Покровская_Славянский-бульвар,1
МЦД-1_Славянский-бульвар,МЦД-1_Фили,10
МЦД-1_Фили,Филевская_Фили,1
МЦД-1_Фили,МЦД-1_Тестовская,10
МЦД-1_Тестовская,Центральное-Кольцо_Деловой-центр,1
МЦД-1_Тестовская,Центральное-Кольцо_Шелепиха,1
МЦД-1_Тестовская,Большая-Кольцевая-Линия_Деловой-центр,1
МЦД-1_Тестовская,Большая-Кольцевая-Линия_Шелепиха,1
МЦД-1_Тестовская,Филевская_Выставочная,1
МЦД-1_Тестовская,Филевская_Международная,1
МЦД-1_Тестовская,МЦД-1_Беговая,10
МЦД-1_Беговая,Таганско-Краснопресненская_Беговая,1
МЦД-1_Беговая,МЦД-1_Белорусская,10
МЦД-1_Белорусская,Кольцевая_Белорусская,1
МЦД-1_Белорусская,Замоскворецкая_Белорусская,1
МЦД-1_Белорусская,МЦД-1_Савёловская,10
МЦД-1_Савёловская,Большая-Кольцевая-Линия_Савёловская,1
МЦД-1_Савёловская,Серпуховско-Тимирязевская_Савеловская,1
МЦД-1_Савёловская,МЦД-1_Тимирязевская,10
МЦД-1_Тимирязевская,Серпуховско-Тимирязевская_Тимирязевская,1
МЦД-1_Тимирязевская,МЦД-1_Окружная,10
МЦД-1_Окружная,Центральное-Кольцо_Окружная,1
МЦД-1_Окружная,Люблинско-Дмитровская_Окружная,1
МЦД-1_Окружная,МЦД-1_Дегунино,10
МЦД-1_Дегунино,МЦД-1_Бескудниково,10
МЦД-1_Бескудниково,МЦД-1_Лианозово,10
МЦД-1_Лианозово,МЦД-1_Марк,10
МЦД-1_Марк,МЦД-1_Новодачная,10
МЦД-1_Новодачная,МЦД-1_Долгопрудная,10
МЦД-1_Долгопрудная,МЦД-1_Водники,10
МЦД-1_Водники,МЦД-1_Хлебниково,10
МЦД-1_Хлебниково,МЦД-1_Шереметьевская,10
МЦД-1_Шереметьевская,МЦД-1_Лобня,10
МЦД-2_Нахабино,МЦД-2_Аникеевка,10
МЦД-2_Аникеевка,МЦД-2_Опалиха,10
МЦД-2_Опалиха,МЦД-2_Красногорская,10
МЦД-2_Красногорская,МЦД-2_Павшино,10
МЦД-2_Павшино,МЦД-2_Пенягино,10
МЦД-2_Пенягино,МЦД-2_Волоколамская,10
МЦД-2_Волоколамская,Арбатско-Покровская_Волоколамская,1
МЦД-2_Волоколамская,МЦД-2_Трикотажная,10
МЦД-2_Трикотажная,МЦД-2_Тушино,10
МЦД-2_Тушино,Таганско-Краснопресненская_Тушинская,1
МЦД-2_Тушино,МЦД-2_Щукинская,10
МЦД-2_Щукинская,МЦД-2_Стрешнево,10
МЦД-2_Стрешнево,Центральное-Кольцо_Стрешнево,1
МЦД-2_Стрешнево,Замоскворецкая_Войковская,1
МЦД-2_Стрешнево,МЦД-2_Красный-Балтиец,10
МЦД-2_Красный-Балтиец,МЦД-2_Гражданская,10
МЦД-2_Гражданская,МЦД-2_Дмитровская,10
МЦД-2_Дмитровская,Серпуховско-Тимирязевская_Дмитровская,1
МЦД-2_Дмитровская,МЦД-2_Рижская,10
МЦД-2_Рижская,МЦД-2_Каланчёвская,10
МЦД-2_Каланчёвская,Кольцевая_Комсомольская,1
МЦД-2_Каланчёвская,Сокольническая_Комсомольская,1
МЦД-2_Каланчёвская,МЦД-2_Курская,10
МЦД-2_Курская,Люблинско-Дмитровская_Чкаловская,1
МЦД-2_Курская,Кольцевая_Курская,1
МЦД-2_Курская,Арбатско-Покровская_Курская,1
МЦД-2_Курская,МЦД-2_Москва-Товарная,10
МЦД-2_Москва-Товарная,Люблинско-Дмитровская_Римская,1
МЦД-2_Москва-Товарная,Калининско-Солнцевская_Площадь-Ильича,1
МЦД-2_Москва-Товарная,МЦД-2_Калитники,10
МЦД-2_Калитники,МЦД-2_Новохохловская,10
МЦД-2_Новохохловская,Центральное-Кольцо_Новохохловская,1
МЦД-2_Новохохловская,МЦД-2_Текстильщики,10
МЦД-2_Текстильщики,Таганско-Краснопресненская_Текстильщики,1
МЦД-2_Текстильщики,МЦД-2_Кубанская,10
МЦД-2_Кубанская,Люблинско-Дмитровская_Печатники,1
МЦД-2_Кубанская,МЦД-2_Депо,10
МЦД-2_Депо,МЦД-2_Перерва,10
МЦД-2_Перерва,МЦД-2_Курьяново,10
МЦД-2_Курьяново,МЦД-2_Москворечье,10
МЦД-2_Москворечье,МЦД-2_Царицыно,10
МЦД-2_Царицыно,Замоскворецкая_Царицыно,1
МЦД-2_Царицыно,МЦД-2_Покровская,10
МЦД-2_Покровская,МЦД-2_Красный-Строитель,10
МЦД-2_Красный-Строитель,МЦД-2_Битца,10
МЦД-2_Битца,МЦД-2_Бутово,10
МЦД-2_Бутово,МЦД-2_Щербинка,10
МЦД-2_Щербинка,МЦД-2_Остафьево,10
МЦД-2_Остафьево,МЦД-2_Силикатная,10
МЦД-2_Силикатная,МЦД-2_Подольск,10
